date,symbol,entry_time,exit_time,entry,exit,qty,pnl,rr
2026-01-07,BAJAJ-AUTO.NS,2026-01-07 09:40:00+00:00,2026-01-08 03:45:00+00:00,9794.89,9780.0,3,-44.669999999998254,1.75
2026-01-14,ETERNAL.NS,2026-01-14 09:50:00+00:00,2026-01-16 03:45:00+00:00,300.05,299.29998779296875,66,-49.50080566406325,1.75
2026-01-14,HINDALCO.NS,2026-01-14 09:50:00+00:00,2026-01-16 03:45:00+00:00,956.23,954.2999877929688,20,-38.60024414062536,1.75
2026-01-02,LT.NS,2026-01-02 09:35:00+00:00,2026-01-05 04:20:00+00:00,4166.68,4181.694829101563,4,60.05931640625204,1.75
2026-01-02,NTPC.NS,2026-01-02 09:50:00+00:00,2026-01-05 03:45:00+00:00,353.03,351.54998779296875,23,-34.04028076171812,1.75
2026-01-02,RELIANCE.NS,2026-01-02 09:35:00+00:00,2026-01-02 09:45:00+00:00,1593.8,1591.5999755859375,21,-46.200512695311545,1.75
2026-01-02,RELIANCE.NS,2026-01-02 09:50:00+00:00,2026-01-05 03:45:00+00:00,1593.6,1596.3999999999996,37,103.5999999999899,1.75
2026-01-07,TATACONSUM.NS,2026-01-07 09:35:00+00:00,2026-01-07 09:50:00+00:00,1213.81,1211.800048828125,21,-42.208974609373854,1.75
2026-01-07,TITAN.NS,2026-01-07 09:40:00+00:00,2026-01-07 09:50:00+00:00,4281.14,4274.10009765625,6,-42.239414062501965,1.75
2026-01-07,BAJAJ-AUTO.NS,2026-01-07 09:40:00+00:00,2026-01-08 03:45:00+00:00,9794.89,9780.0,3,-44.669999999998254,1.75
2026-01-14,ETERNAL.NS,2026-01-14 09:50:00+00:00,2026-01-16 03:45:00+00:00,300.05,299.29998779296875,66,-49.50080566406325,1.75
2026-01-14,HINDALCO.NS,2026-01-14 09:50:00+00:00,2026-01-16 03:45:00+00:00,956.23,954.2999877929688,20,-38.60024414062536,1.75
2026-01-02,LT.NS,2026-01-02 09:35:00+00:00,2026-01-05 04:20:00+00:00,4166.68,4181.694829101563,4,60.05931640625204,1.75
2026-01-02,NTPC.NS,2026-01-02 09:50:00+00:00,2026-01-05 03:45:00+00:00,353.03,351.54998779296875,23,-34.04028076171812,1.75
2026-01-02,RELIANCE.NS,2026-01-02 09:35:00+00:00,2026-01-02 09:45:00+00:00,1593.8,1591.5999755859375,21,-46.200512695311545,1.75
2026-01-02,RELIANCE.NS,2026-01-02 09:50:00+00:00,2026-01-05 03:45:00+00:00,1593.6,1596.3999999999996,37,103.5999999999899,1.75
2026-01-07,TATACONSUM.NS,2026-01-07 09:35:00+00:00,2026-01-07 09:50:00+00:00,1213.81,1211.800048828125,21,-42.208974609373854,1.75
2026-01-07,TITAN.NS,2026-01-07 09:40:00+00:00,2026-01-07 09:50:00+00:00,4281.14,4274.10009765625,6,-42.239414062501965,1.75
2026-01-12,ASIANPAINT.NS,2026-01-12 09:35:00+00:00,2026-01-13 03:45:00+00:00,2897.45,2910.6626708984368,4,52.85068359374782,1.75
2026-01-07,BAJAJ-AUTO.NS,2026-01-07 09:40:00+00:00,2026-01-08 03:45:00+00:00,9794.89,9780.0,3,-44.669999999998254,1.75
2026-01-14,ETERNAL.NS,2026-01-14 09:50:00+00:00,2026-01-16 03:45:00+00:00,300.05,299.29998779296875,66,-49.50080566406325,1.75
2026-01-14,HINDALCO.NS,2026-01-14 09:50:00+00:00,2026-01-16 03:45:00+00:00,956.23,954.2999877929688,20,-38.60024414062536,1.75
2026-01-22,SBIN.NS,2026-01-22 09:40:00+00:00,2026-01-23 03:45:00+00:00,1049.22,1047.050048828125,18,-39.05912109375049,1.75
2026-01-07,TATACONSUM.NS,2026-01-07 09:35:00+00:00,2026-01-07 09:50:00+00:00,1213.81,1211.800048828125,21,-42.208974609373854,1.75
2026-01-07,TITAN.NS,2026-01-07 09:40:00+00:00,2026-01-07 09:50:00+00:00,4281.14,4274.10009765625,6,-42.239414062501965,1.75
2026-01-12,ASIANPAINT.NS,2026-01-12 09:35:00+00:00,2026-01-13 03:45:00+00:00,2897.45,2910.6626708984368,4,52.85068359374782,1.75
2026-01-14,ETERNAL.NS,2026-01-14 09:50:00+00:00,2026-01-16 03:45:00+00:00,300.05,299.29998779296875,66,-49.50080566406325,1.75
2026-01-28,HCLTECH.NS,2026-01-28 09:35:00+00:00,2026-01-29 03:45:00+00:00,1730.06,1725.4000244140625,7,-32.61982910156212,1.75
2026-01-29,HINDALCO.NS,2026-01-29 09:45:00+00:00,2026-01-29 09:55:00+00:00,1025.56,1024.0999755859375,31,-45.26075683593581,1.75
2026-01-29,HINDALCO.NS,2026-01-29 09:55:00+00:00,2026-01-30 03:50:00+00:00,1026.71,1023.2999877929688,10,-34.100122070312864,1.75
2026-01-29,JSWSTEEL.NS,2026-01-29 09:45:00+00:00,2026-01-29 09:55:00+00:00,1237.62,1240.6299572753903,27,81.26884643554172,1.75
2026-01-29,NTPC.NS,2026-01-29 09:35:00+00:00,2026-01-30 03:45:00+00:00,358.43,357.29998779296875,31,-35.03037841796896,1.75
2026-01-29,SHRIRAMFIN.NS,2026-01-29 09:50:00+00:00,2026-01-30 03:45:00+00:00,1025.36,1023.3499755859376,20,-40.200488281248,1.75
2026-01-29,TATASTEEL.NS,2026-01-29 09:35:00+00:00,2026-01-30 03:45:00+00:00,202.53,201.8600006103516,63,-42.209961547851634,1.75
2026-01-28,ULTRACEMCO.NS,2026-01-28 09:45:00+00:00,2026-01-29 03:45:00+00:00,12784.39,12763.0,2,-42.77999999999884,1.75
2026-01-12,ASIANPAINT.NS,2026-01-12 09:35:00+00:00,2026-01-13 03:45:00+00:00,2897.45,2910.6626708984368,4,52.85068359374782,1.75
2026-01-14,ETERNAL.NS,2026-01-14 09:50:00+00:00,2026-01-16 03:45:00+00:00,300.05,299.29998779296875,66,-49.50080566406325,1.75
2026-01-28,HCLTECH.NS,2026-01-28 09:35:00+00:00,2026-01-29 03:45:00+00:00,1730.06,1725.4000244140625,7,-32.61982910156212,1.75
2026-01-29,HINDALCO.NS,2026-01-29 09:45:00+00:00,2026-01-29 09:55:00+00:00,1025.56,1024.0999755859375,31,-45.26075683593581,1.75
2026-01-29,HINDALCO.NS,2026-01-29 09:55:00+00:00,2026-01-30 03:50:00+00:00,1026.71,1023.2999877929688,10,-34.100122070312864,1.75
2026-01-29,JSWSTEEL.NS,2026-01-29 09:45:00+00:00,2026-01-29 09:55:00+00:00,1237.62,1240.6299572753903,27,81.26884643554172,1.75
2026-01-29,NTPC.NS,2026-01-29 09:35:00+00:00,2026-01-30 03:45:00+00:00,358.43,357.29998779296875,31,-35.03037841796896,1.75
2026-01-29,SHRIRAMFIN.NS,2026-01-29 09:50:00+00:00,2026-01-30 03:45:00+00:00,1025.36,1023.3499755859376,20,-40.200488281248,1.75
2026-01-29,TATASTEEL.NS,2026-01-29 09:35:00+00:00,2026-01-30 03:45:00+00:00,202.53,201.8600006103516,63,-42.209961547851634,1.75
2026-01-28,ULTRACEMCO.NS,2026-01-28 09:45:00+00:00,2026-01-29 03:45:00+00:00,12784.39,12763.0,2,-42.77999999999884,1.75
2026-02-05,GRASIM.NS,2026-02-05 09:55:00+00:00,2026-02-06 04:10:00+00:00,2876.24,2861.89990234375,2,-28.680195312499563,1.75
2026-01-28,HCLTECH.NS,2026-01-28 09:35:00+00:00,2026-01-29 03:45:00+00:00,1730.06,1725.4000244140625,7,-32.61982910156212,1.75
2026-01-29,HINDALCO.NS,2026-01-29 09:45:00+00:00,2026-01-29 09:55:00+00:00,1025.56,1024.0999755859375,31,-45.26075683593581,1.75
2026-01-29,HINDALCO.NS,2026-01-29 09:55:00+00:00,2026-01-30 03:50:00+00:00,1026.71,1023.2999877929688,10,-34.100122070312864,1.75
2026-02-06,POWERGRID.NS,2026-02-06 09:35:00+00:00,2026-02-06 09:55:00+00:00,293.19,292.45001220703125,66,-48.83919433593735,1.75
2026-01-29,SHRIRAMFIN.NS,2026-01-29 09:50:00+00:00,2026-01-30 03:45:00+00:00,1025.36,1023.3499755859376,20,-40.200488281248,1.75
2026-02-04,TMPV.NS,2026-02-04 09:40:00+00:00,2026-02-04 09:50:00+00:00,376.24,375.1000061035156,31,-35.33981079101591,1.75
2026-01-29,TATASTEEL.NS,2026-01-29 09:35:00+00:00,2026-01-30 03:45:00+00:00,202.53,201.8600006103516,63,-42.209961547851634,1.75
2026-02-04,ULTRACEMCO.NS,2026-02-04 09:35:00+00:00,2026-02-04 09:45:00+00:00,12823.41,12804.0,2,-38.81999999999971,1.75
2026-02-05,GRASIM.NS,2026-02-05 09:55:00+00:00,2026-02-06 04:10:00+00:00,2876.24,2861.89990234375,2,-28.680195312499563,1.75
2026-01-28,HCLTECH.NS,2026-01-28 09:35:00+00:00,2026-01-29 03:45:00+00:00,1730.06,1725.4000244140625,7,-32.61982910156212,1.75
2026-01-29,HINDALCO.NS,2026-01-29 09:45:00+00:00,2026-01-29 09:55:00+00:00,1025.56,1024.0999755859375,31,-45.26075683593581,1.75
2026-01-29,HINDALCO.NS,2026-01-29 09:55:00+00:00,2026-01-30 03:50:00+00:00,1026.71,1023.2999877929688,10,-34.100122070312864,1.75
2026-02-06,POWERGRID.NS,2026-02-06 09:35:00+00:00,2026-02-06 09:55:00+00:00,293.19,292.45001220703125,66,-48.83919433593735,1.75
2026-01-29,SHRIRAMFIN.NS,2026-01-29 09:50:00+00:00,2026-01-30 03:45:00+00:00,1025.36,1023.3499755859376,20,-40.200488281248,1.75
2026-02-04,TMPV.NS,2026-02-04 09:40:00+00:00,2026-02-04 09:50:00+00:00,376.24,375.1000061035156,31,-35.33981079101591,1.75
2026-01-29,TATASTEEL.NS,2026-01-29 09:35:00+00:00,2026-01-30 03:45:00+00:00,202.53,201.8600006103516,63,-42.209961547851634,1.75
2026-02-04,ULTRACEMCO.NS,2026-02-04 09:35:00+00:00,2026-02-04 09:45:00+00:00,12823.41,12804.0,2,-38.81999999999971,1.75
2026-02-10,GRASIM.NS,2026-02-10 09:35:00+00:00,2026-02-11 03:45:00+00:00,2953.38,2947.300048828125,6,-36.479707031250655,1.75
2026-01-28,HCLTECH.NS,2026-01-28 09:35:00+00:00,2026-01-29 03:45:00+00:00,1730.06,1725.4000244140625,7,-32.61982910156212,1.75
2026-01-29,HINDALCO.NS,2026-01-29 09:45:00+00:00,2026-01-29 09:55:00+00:00,1025.56,1024.0999755859375,31,-45.26075683593581,1.75
2026-01-29,HINDALCO.NS,2026-01-29 09:55:00+00:00,2026-01-30 03:50:00+00:00,1026.71,1023.2999877929688,10,-34.100122070312864,1.75
2026-02-12,SHRIRAMFIN.NS,2026-02-12 09:35:00+00:00,2026-02-12 09:55:00+00:00,1083.44,1081.199951171875,17,-38.08083007812593,1.75
2026-02-09,ULTRACEMCO.NS,2026-02-09 09:35:00+00:00,2026-02-09 09:45:00+00:00,13068.53,13051.0,2,-35.06000000000131,1.75
2026-02-10,GRASIM.NS,2026-02-10 09:35:00+00:00,2026-02-11 03:45:00+00:00,2953.38,2947.300048828125,6,-36.479707031250655,1.75
2026-01-28,HCLTECH.NS,2026-01-28 09:35:00+00:00,2026-01-29 03:45:00+00:00,1730.06,1725.4000244140625,7,-32.61982910156212,1.75
2026-01-29,HINDALCO.NS,2026-01-29 09:45:00+00:00,2026-01-29 09:55:00+00:00,1025.56,1024.0999755859375,31,-45.26075683593581,1.75
2026-01-29,HINDALCO.NS,2026-01-29 09:55:00+00:00,2026-01-30 03:50:00+00:00,1026.71,1023.2999877929688,10,-34.100122070312864,1.75
2026-02-12,SHRIRAMFIN.NS,2026-02-12 09:35:00+00:00,2026-02-12 09:55:00+00:00,1083.44,1081.199951171875,17,-38.08083007812593,1.75
2026-02-09,ULTRACEMCO.NS,2026-02-09 09:35:00+00:00,2026-02-09 09:45:00+00:00,13068.53,13051.0,2,-35.06000000000131,1.75
2026-02-18,AXISBANK.NS,2026-02-18 09:40:00+00:00,2026-02-18 09:55:00+00:00,1378.29,1376.300048828125,23,-45.76887695312416,1.75
2026-02-18,BAJAJ-AUTO.NS,2026-02-18 09:35:00+00:00,2026-02-19 03:45:00+00:00,9983.99,10024.2225,1,40.23250000000007,1.75
2026-02-10,GRASIM.NS,2026-02-10 09:35:00+00:00,2026-02-11 03:45:00+00:00,2953.38,2947.300048828125,6,-36.479707031250655,1.75
2026-02-09,ULTRACEMCO.NS,2026-02-09 09:35:00+00:00,2026-02-09 09:45:00+00:00,13068.53,13051.0,2,-35.06000000000131,1.75
2026-02-18,AXISBANK.NS,2026-02-18 09:40:00+00:00,2026-02-18 09:55:00+00:00,1378.29,1376.300048828125,23,-45.76887695312416,1.75
2026-02-18,BAJAJ-AUTO.NS,2026-02-18 09:35:00+00:00,2026-02-19 03:45:00+00:00,9983.99,10024.2225,1,40.23250000000007,1.75
2026-02-10,GRASIM.NS,2026-02-10 09:35:00+00:00,2026-02-11 03:45:00+00:00,2953.38,2947.300048828125,6,-36.479707031250655,1.75
2026-02-09,ULTRACEMCO.NS,2026-02-09 09:35:00+00:00,2026-02-09 09:45:00+00:00,13068.53,13051.0,2,-35.06000000000131,1.75
2026-02-25,BAJAJ-AUTO.NS,2026-02-25 09:45:00+00:00,2026-02-25 09:55:00+00:00,10112.55,10095.5,2,-34.099999999998545,1.75
2026-02-26,BAJAJ-AUTO.NS,2026-02-26 09:40:00+00:00,2026-02-26 09:50:00+00:00,10108.05,10137.012499999995,2,57.924999999995634,1.75
2026-02-26,DRREDDY.NS,2026-02-26 09:35:00+00:00,2026-02-26 09:45:00+00:00,1320.66,1317.9000244140625,14,-38.63965820312615,1.75
2026-02-26,DRREDDY.NS,2026-02-26 09:50:00+00:00,2026-02-27 03:45:00+00:00,1320.66,1318.0999755859375,15,-38.40036621093873,1.75
2026-02-26,EICHERMOT.NS,2026-02-26 09:35:00+00:00,2026-02-27 03:45:00+00:00,8198.6,8180.0,2,-37.20000000000073,1.75
2026-02-10,GRASIM.NS,2026-02-10 09:35:00+00:00,2026-02-11 03:45:00+00:00,2953.38,2947.300048828125,6,-36.479707031250655,1.75
2026-02-26,MAXHEALTH.NS,2026-02-26 09:35:00+00:00,2026-02-27 03:45:00+00:00,1110.35,1108.0,16,-37.59999999999855,1.75
2026-02-26,SHRIRAMFIN.NS,2026-02-26 09:35:00+00:00,2026-02-27 03:45:00+00:00,1104.85,1101.699951171875,11,-34.650537109374,1.75
2026-02-26,SUNPHARMA.NS,2026-02-26 09:45:00+00:00,2026-02-27 03:45:00+00:00,1786.19,1780.5,6,-34.14000000000033,1.75
2026-02-26,TMPV.NS,2026-02-26 09:35:00+00:00,2026-02-26 09:45:00+00:00,390.7,392.1874893188476,46,68.42450866699062,1.75
2026-02-26,TMPV.NS,2026-02-26 09:45:00+00:00,2026-02-26 09:55:00+00:00,392.49,391.6000061035156,60,-53.399633789063046,1.75
2026-02-26,TATASTEEL.NS,2026-02-26 09:35:00+00:00,2026-02-26 09:50:00+00:00,215.84,215.4100036621093,142,-61.059479980469234,1.75
2026-02-26,TATASTEEL.NS,2026-02-26 09:55:00+00:00,2026-02-27 04:20:00+00:00,215.74,215.009994506836,58,-42.34031860351615,1.75
2026-02-09,ULTRACEMCO.NS,2026-02-09 09:35:00+00:00,2026-02-09 09:45:00+00:00,13068.53,13051.0,2,-35.06000000000131,1.75
2026-02-25,BAJAJ-AUTO.NS,2026-02-25 09:45:00+00:00,2026-02-25 09:55:00+00:00,10112.55,10095.5,2,-34.099999999998545,1.75
2026-02-26,BAJAJ-AUTO.NS,2026-02-26 09:40:00+00:00,2026-02-26 09:50:00+00:00,10108.05,10137.012499999995,2,57.924999999995634,1.75
2026-02-26,DRREDDY.NS,2026-02-26 09:35:00+00:00,2026-02-26 09:45:00+00:00,1320.66,1317.9000244140625,14,-38.63965820312615,1.75
2026-02-26,DRREDDY.NS,2026-02-26 09:50:00+00:00,2026-02-27 03:45:00+00:00,1320.66,1318.0999755859375,15,-38.40036621093873,1.75
2026-02-26,EICHERMOT.NS,2026-02-26 09:35:00+00:00,2026-02-27 03:45:00+00:00,8198.6,8180.0,2,-37.20000000000073,1.75
2026-02-10,GRASIM.NS,2026-02-10 09:35:00+00:00,2026-02-11 03:45:00+00:00,2953.38,2947.300048828125,6,-36.479707031250655,1.75
2026-02-26,MAXHEALTH.NS,2026-02-26 09:35:00+00:00,2026-02-27 03:45:00+00:00,1110.35,1108.0,16,-37.59999999999855,1.75
2026-02-26,SHRIRAMFIN.NS,2026-02-26 09:35:00+00:00,2026-02-27 03:45:00+00:00,1104.85,1101.699951171875,11,-34.650537109374,1.75
2026-02-26,SUNPHARMA.NS,2026-02-26 09:45:00+00:00,2026-02-27 03:45:00+00:00,1786.19,1780.5,6,-34.14000000000033,1.75
2026-02-26,TMPV.NS,2026-02-26 09:35:00+00:00,2026-02-26 09:45:00+00:00,390.7,392.1874893188476,46,68.42450866699062,1.75
2026-02-26,TMPV.NS,2026-02-26 09:45:00+00:00,2026-02-26 09:55:00+00:00,392.49,391.6000061035156,60,-53.399633789063046,1.75
2026-02-26,TATASTEEL.NS,2026-02-26 09:35:00+00:00,2026-02-26 09:50:00+00:00,215.84,215.4100036621093,142,-61.059479980469234,1.75
2026-02-26,TATASTEEL.NS,2026-02-26 09:55:00+00:00,2026-02-27 04:20:00+00:00,215.74,215.009994506836,58,-42.34031860351615,1.75
2026-02-09,ULTRACEMCO.NS,2026-02-09 09:35:00+00:00,2026-02-09 09:45:00+00:00,13068.53,13051.0,2,-35.06000000000131,1.75
2026-02-25,BAJAJ-AUTO.NS,2026-02-25 09:45:00+00:00,2026-02-25 09:55:00+00:00,10112.55,10095.5,2,-34.099999999998545,1.75
2026-02-26,BAJAJ-AUTO.NS,2026-02-26 09:40:00+00:00,2026-02-26 09:50:00+00:00,10108.05,10137.012499999995,2,57.924999999995634,1.75
2026-02-26,EICHERMOT.NS,2026-02-26 09:35:00+00:00,2026-02-27 03:45:00+00:00,8198.6,8180.0,2,-37.20000000000073,1.75
2026-02-18,ITC.NS,2026-02-18 09:35:00+00:00,2026-02-19 03:45:00+00:00,332.68,331.8500061035156,60,-49.79963378906291,1.75
2026-02-26,MAXHEALTH.NS,2026-02-26 09:35:00+00:00,2026-02-27 03:45:00+00:00,1110.35,1108.0,16,-37.59999999999855,1.75
2026-02-26,SHRIRAMFIN.NS,2026-02-26 09:35:00+00:00,2026-02-27 03:45:00+00:00,1104.85,1101.699951171875,11,-34.650537109374,1.75
2026-02-26,TMPV.NS,2026-02-26 09:35:00+00:00,2026-02-26 09:45:00+00:00,390.7,392.1874893188476,46,68.42450866699062,1.75
2026-02-26,TMPV.NS,2026-02-26 09:45:00+00:00,2026-02-26 09:55:00+00:00,392.49,391.6000061035156,60,-53.399633789063046,1.75
2026-02-26,TATASTEEL.NS,2026-02-26 09:35:00+00:00,2026-02-26 09:50:00+00:00,215.84,215.4100036621093,142,-61.059479980469234,1.75
2026-02-26,TATASTEEL.NS,2026-02-26 09:55:00+00:00,2026-02-27 04:20:00+00:00,215.74,215.009994506836,58,-42.34031860351615,1.75
2026-02-25,BAJAJ-AUTO.NS,2026-02-25 09:45:00+00:00,2026-02-25 09:55:00+00:00,10112.55,10095.5,2,-34.099999999998545,1.75
2026-02-26,BAJAJ-AUTO.NS,2026-02-26 09:40:00+00:00,2026-02-26 09:50:00+00:00,10108.05,10137.012499999995,2,57.924999999995634,1.75
2026-02-26,EICHERMOT.NS,2026-02-26 09:35:00+00:00,2026-02-27 03:45:00+00:00,8198.6,8180.0,2,-37.20000000000073,1.75
2026-02-18,ITC.NS,2026-02-18 09:35:00+00:00,2026-02-19 03:45:00+00:00,332.68,331.8500061035156,60,-49.79963378906291,1.75
2026-02-26,MAXHEALTH.NS,2026-02-26 09:35:00+00:00,2026-02-27 03:45:00+00:00,1110.35,1108.0,16,-37.59999999999855,1.75
2026-02-26,SHRIRAMFIN.NS,2026-02-26 09:35:00+00:00,2026-02-27 03:45:00+00:00,1104.85,1101.699951171875,11,-34.650537109374,1.75
2026-02-26,TMPV.NS,2026-02-26 09:35:00+00:00,2026-02-26 09:45:00+00:00,390.7,392.1874893188476,46,68.42450866699062,1.75
2026-02-26,TMPV.NS,2026-02-26 09:45:00+00:00,2026-02-26 09:55:00+00:00,392.49,391.6000061035156,60,-53.399633789063046,1.75
2026-02-26,TATASTEEL.NS,2026-02-26 09:35:00+00:00,2026-02-26 09:50:00+00:00,215.84,215.4100036621093,142,-61.059479980469234,1.75
2026-02-26,TATASTEEL.NS,2026-02-26 09:55:00+00:00,2026-02-27 04:20:00+00:00,215.74,215.009994506836,58,-42.34031860351615,1.75
2026-02-25,BAJAJ-AUTO.NS,2026-02-25 09:45:00+00:00,2026-02-25 09:55:00+00:00,10112.55,10095.5,2,-34.099999999998545,1.75
2026-02-26,BAJAJ-AUTO.NS,2026-02-26 09:40:00+00:00,2026-02-26 09:50:00+00:00,10108.05,10137.012499999995,2,57.924999999995634,1.75
2026-02-26,CIPLA.NS,2026-02-26 09:35:00+00:00,2026-02-26 09:45:00+00:00,1358.78,1357.0999755859375,30,-50.40073242187418,1.75
2026-02-26,EICHERMOT.NS,2026-02-26 09:35:00+00:00,2026-02-27 03:45:00+00:00,8198.6,8180.0,2,-37.20000000000073,1.75
2026-02-26,MAXHEALTH.NS,2026-02-26 09:35:00+00:00,2026-02-27 03:45:00+00:00,1110.35,1108.0,16,-37.59999999999855,1.75
2026-02-26,SHRIRAMFIN.NS,2026-02-26 09:35:00+00:00,2026-02-27 03:45:00+00:00,1104.85,1101.699951171875,11,-34.650537109374,1.75
2026-02-24,TATACONSUM.NS,2026-02-24 09:35:00+00:00,2026-02-24 09:55:00+00:00,1179.19,1176.300048828125,13,-37.56936523437571,1.75
2026-02-24,TATACONSUM.NS,2026-02-24 09:55:00+00:00,2026-02-25 03:55:00+00:00,1179.69,1176.0,9,-33.21000000000049,1.75
2026-02-26,TMPV.NS,2026-02-26 09:35:00+00:00,2026-02-26 09:45:00+00:00,390.7,392.1874893188476,46,68.42450866699062,1.75
2026-02-26,TMPV.NS,2026-02-26 09:45:00+00:00,2026-02-26 09:55:00+00:00,392.49,391.6000061035156,60,-53.399633789063046,1.75
2026-02-26,TATASTEEL.NS,2026-02-26 09:35:00+00:00,2026-02-26 09:50:00+00:00,215.84,215.4100036621093,142,-61.059479980469234,1.75
2026-02-26,TATASTEEL.NS,2026-02-26 09:55:00+00:00,2026-02-27 04:20:00+00:00,215.74,215.009994506836,58,-42.34031860351615,1.75
2026-02-25,BAJAJ-AUTO.NS,2026-02-25 09:45:00+00:00,2026-02-25 09:55:00+00:00,10112.55,10095.5,2,-34.099999999998545,1.75
2026-02-26,BAJAJ-AUTO.NS,2026-02-26 09:40:00+00:00,2026-02-26 09:50:00+00:00,10108.05,10137.012499999995,2,57.924999999995634,1.75
2026-02-26,CIPLA.NS,2026-02-26 09:35:00+00:00,2026-02-26 09:45:00+00:00,1358.78,1357.0999755859375,30,-50.40073242187418,1.75
2026-02-26,EICHERMOT.NS,2026-02-26 09:35:00+00:00,2026-02-27 03:45:00+00:00,8198.6,8180.0,2,-37.20000000000073,1.75
2026-02-26,MAXHEALTH.NS,2026-02-26 09:35:00+00:00,2026-02-27 03:45:00+00:00,1110.35,1108.0,16,-37.59999999999855,1.75
2026-02-26,SHRIRAMFIN.NS,2026-02-26 09:35:00+00:00,2026-02-27 03:45:00+00:00,1104.85,1101.699951171875,11,-34.650537109374,1.75
2026-02-24,TATACONSUM.NS,2026-02-24 09:35:00+00:00,2026-02-24 09:55:00+00:00,1179.19,1176.300048828125,13,-37.56936523437571,1.75
2026-02-24,TATACONSUM.NS,2026-02-24 09:55:00+00:00,2026-02-25 03:55:00+00:00,1179.69,1176.0,9,-33.21000000000049,1.75
2026-02-26,TMPV.NS,2026-02-26 09:35:00+00:00,2026-02-26 09:45:00+00:00,390.7,392.1874893188476,46,68.42450866699062,1.75
2026-02-26,TMPV.NS,2026-02-26 09:45:00+00:00,2026-02-26 09:55:00+00:00,392.49,391.6000061035156,60,-53.399633789063046,1.75
2026-02-26,TATASTEEL.NS,2026-02-26 09:35:00+00:00,2026-02-26 09:50:00+00:00,215.84,215.4100036621093,142,-61.059479980469234,1.75
2026-02-26,TATASTEEL.NS,2026-02-26 09:55:00+00:00,2026-02-27 04:20:00+00:00,215.74,215.009994506836,58,-42.34031860351615,1.75
2026-04-10,HINDALCO.NS,2026-04-10 09:35:00+00:00,2026-04-10 09:50:00+00:00,993.3,991.1500244140624,18,-38.69956054687418,1.75
2026-04-08,INFY.NS,2026-04-08 09:40:00+00:00,2026-04-08 09:50:00+00:00,1348.67,1346.0,15,-40.05000000000109,1.75
2026-04-07,TECHM.NS,2026-04-07 09:40:00+00:00,2026-04-07 09:50:00+00:00,1475.54,1472.699951171875,14,-39.76068359374949,1.75
2026-04-07,WIPRO.NS,2026-04-07 09:35:00+00:00,2026-04-07 09:45:00+00:00,204.97,204.5500030517578,136,-57.11958496093735,1.75
2026-04-07,WIPRO.NS,2026-04-07 09:45:00+00:00,2026-04-07 09:55:00+00:00,205.06,204.5200042724609,88,-47.5196240234377,1.75
2026-04-10,WIPRO.NS,2026-04-10 09:35:00+00:00,2026-04-10 09:55:00+00:00,205.2,204.6999969482422,99,-49.50030212402231,1.75
2026-04-10,HINDALCO.NS,2026-04-10 09:35:00+00:00,2026-04-10 09:50:00+00:00,993.3,991.1500244140624,18,-38.69956054687418,1.75
2026-04-08,INFY.NS,2026-04-08 09:40:00+00:00,2026-04-08 09:50:00+00:00,1348.67,1346.0,15,-40.05000000000109,1.75
2026-04-07,TECHM.NS,2026-04-07 09:40:00+00:00,2026-04-07 09:50:00+00:00,1475.54,1472.699951171875,14,-39.76068359374949,1.75
2026-04-07,WIPRO.NS,2026-04-07 09:35:00+00:00,2026-04-07 09:45:00+00:00,204.97,204.5500030517578,136,-57.11958496093735,1.75
2026-04-07,WIPRO.NS,2026-04-07 09:45:00+00:00,2026-04-07 09:55:00+00:00,205.06,204.5200042724609,88,-47.5196240234377,1.75
2026-04-10,WIPRO.NS,2026-04-10 09:35:00+00:00,2026-04-10 09:55:00+00:00,205.2,204.6999969482422,99,-49.50030212402231,1.75
2026-04-08,INFY.NS,2026-04-08 09:40:00+00:00,2026-04-08 09:50:00+00:00,1348.67,1346.0,15,-40.05000000000109,1.75
2026-04-17,TECHM.NS,2026-04-17 09:40:00+00:00,2026-04-17 09:55:00+00:00,1513.96,1510.4000244140625,10,-35.599755859375364,1.75
2026-04-17,TRENT.NS,2026-04-17 09:40:00+00:00,2026-04-17 09:50:00+00:00,4112.05,4108.0,15,-60.75000000000273,1.75
2026-04-08,INFY.NS,2026-04-08 09:40:00+00:00,2026-04-08 09:50:00+00:00,1348.67,1346.0,15,-40.05000000000109,1.75
2026-04-17,TECHM.NS,2026-04-17 09:40:00+00:00,2026-04-17 09:55:00+00:00,1513.96,1510.4000244140625,10,-35.599755859375364,1.75
2026-04-17,TRENT.NS,2026-04-17 09:40:00+00:00,2026-04-17 09:50:00+00:00,4112.05,4108.0,15,-60.75000000000273,1.75
2026-04-17,BEL.NS,2026-04-17 09:35:00+00:00,2026-04-17 09:50:00+00:00,463.78,462.7000122070313,35,-37.799572753905295,1.75
2026-04-17,BEL.NS,2026-04-17 09:50:00+00:00,2026-04-20 03:45:00+00:00,463.51,462.7000122070313,85,-68.84896240234298,1.75
2026-04-21,ITC.NS,2026-04-21 09:45:00+00:00,2026-04-22 03:50:00+00:00,310.86,308.45001220703125,13,-31.329841308593927,1.75
2026-04-08,INFY.NS,2026-04-08 09:40:00+00:00,2026-04-08 09:50:00+00:00,1348.67,1346.0,15,-40.05000000000109,1.75
2026-04-21,JSWSTEEL.NS,2026-04-21 09:55:00+00:00,2026-04-22 03:50:00+00:00,1282.64,1277.4000244140625,6,-31.4398535156256,1.75
2026-04-20,SBILIFE.NS,2026-04-20 09:35:00+00:00,2026-04-21 03:45:00+00:00,1986.09,1970.9000244140625,2,-30.37995117187484,1.75
2026-04-17,TECHM.NS,2026-04-17 09:40:00+00:00,2026-04-17 09:55:00+00:00,1513.96,1510.4000244140625,10,-35.599755859375364,1.75
2026-04-17,BEL.NS,2026-04-17 09:35:00+00:00,2026-04-17 09:50:00+00:00,463.78,462.7000122070313,35,-37.799572753905295,1.75
2026-04-17,BEL.NS,2026-04-17 09:50:00+00:00,2026-04-20 03:45:00+00:00,463.51,462.7000122070313,85,-68.84896240234298,1.75
2026-04-21,ITC.NS,2026-04-21 09:45:00+00:00,2026-04-22 03:50:00+00:00,310.86,308.45001220703125,13,-31.329841308593927,1.75
2026-04-08,INFY.NS,2026-04-08 09:40:00+00:00,2026-04-08 09:50:00+00:00,1348.67,1346.0,15,-40.05000000000109,1.75
2026-04-21,JSWSTEEL.NS,2026-04-21 09:55:00+00:00,2026-04-22 03:50:00+00:00,1282.64,1277.4000244140625,6,-31.4398535156256,1.75
2026-04-20,SBILIFE.NS,2026-04-20 09:35:00+00:00,2026-04-21 03:45:00+00:00,1986.09,1970.9000244140625,2,-30.37995117187484,1.75
2026-04-17,TECHM.NS,2026-04-17 09:40:00+00:00,2026-04-17 09:55:00+00:00,1513.96,1510.4000244140625,10,-35.599755859375364,1.75
2026-04-21,BAJAJFINSV.NS,2026-04-21 09:45:00+00:00,2026-04-21 09:55:00+00:00,1853.03,1849.9000244140625,13,-40.689682617187145,1.75
2026-04-17,BEL.NS,2026-04-17 09:35:00+00:00,2026-04-17 09:50:00+00:00,463.78,462.7000122070313,35,-37.799572753905295,1.75
2026-04-17,BEL.NS,2026-04-17 09:50:00+00:00,2026-04-20 03:45:00+00:00,463.51,462.7000122070313,85,-68.84896240234298,1.75
2026-04-10,EICHERMOT.NS,2026-04-10 09:35:00+00:00,2026-04-10 09:55:00+00:00,7427.21,7413.5,3,-41.13000000000011,1.75
2026-04-27,JIOFIN.NS,2026-04-27 09:55:00+00:00,2026-04-28 03:50:00+00:00,254.65,253.3000030517578,24,-32.39992675781264,1.75
2026-04-10,MARUTI.NS,2026-04-10 09:35:00+00:00,2026-04-10 09:45:00+00:00,13741.87,13706.0,1,-35.8700000000008,1.75
2026-04-27,NTPC.NS,2026-04-27 09:55:00+00:00,2026-04-28 03:50:00+00:00,412.16,410.25,17,-32.470000000000425,1.75
2026-04-20,SBILIFE.NS,2026-04-20 09:35:00+00:00,2026-04-21 03:45:00+00:00,1986.09,1970.9000244140625,2,-30.37995117187484,1.75
2026-04-17,TECHM.NS,2026-04-17 09:40:00+00:00,2026-04-17 09:55:00+00:00,1513.96,1510.4000244140625,10,-35.599755859375364,1.75
2026-04-21,BAJAJFINSV.NS,2026-04-21 09:45:00+00:00,2026-04-21 09:55:00+00:00,1853.03,1849.9000244140625,13,-40.689682617187145,1.75
2026-04-17,BEL.NS,2026-04-17 09:35:00+00:00,2026-04-17 09:50:00+00:00,463.78,462.7000122070313,35,-37.799572753905295,1.75
2026-04-17,BEL.NS,2026-04-17 09:50:00+00:00,2026-04-20 03:45:00+00:00,463.51,462.7000122070313,85,-68.84896240234298,1.75
2026-04-10,EICHERMOT.NS,2026-04-10 09:35:00+00:00,2026-04-10 09:55:00+00:00,7427.21,7413.5,3,-41.13000000000011,1.75
2026-04-27,JIOFIN.NS,2026-04-27 09:55:00+00:00,2026-04-28 03:50:00+00:00,254.65,253.3000030517578,24,-32.39992675781264,1.75
2026-04-10,MARUTI.NS,2026-04-10 09:35:00+00:00,2026-04-10 09:45:00+00:00,13741.87,13706.0,1,-35.8700000000008,1.75
2026-04-27,NTPC.NS,2026-04-27 09:55:00+00:00,2026-04-28 03:50:00+00:00,412.16,410.25,17,-32.470000000000425,1.75
2026-04-20,SBILIFE.NS,2026-04-20 09:35:00+00:00,2026-04-21 03:45:00+00:00,1986.09,1970.9000244140625,2,-30.37995117187484,1.75
2026-04-17,TECHM.NS,2026-04-17 09:40:00+00:00,2026-04-17 09:55:00+00:00,1513.96,1510.4000244140625,10,-35.599755859375364,1.75
2026-05-06,BAJFINANCE.NS,2026-05-06 09:40:00+00:00,2026-05-07 03:45:00+00:00,980.79,984.1850427246092,20,67.90085449218623,1.75
2026-04-21,BAJAJFINSV.NS,2026-04-21 09:45:00+00:00,2026-04-21 09:55:00+00:00,1853.03,1849.9000244140625,13,-40.689682617187145,1.75
2026-04-27,JIOFIN.NS,2026-04-27 09:55:00+00:00,2026-04-28 03:50:00+00:00,254.65,253.3000030517578,24,-32.39992675781264,1.75
2026-04-30,KOTAKBANK.NS,2026-04-30 09:55:00+00:00,2026-05-04 03:50:00+00:00,384.69,382.6000061035156,15,-31.34990844726559,1.75
2026-04-27,NTPC.NS,2026-04-27 09:55:00+00:00,2026-04-28 03:50:00+00:00,412.16,410.25,17,-32.470000000000425,1.75
2026-05-04,RELIANCE.NS,2026-05-04 09:50:00+00:00,2026-05-05 03:45:00+00:00,1465.73,1462.300048828125,11,-37.7294628906252,1.75
2026-05-05,RELIANCE.NS,2026-05-05 09:35:00+00:00,2026-05-05 09:55:00+00:00,1465.13,1460.699951171875,8,-35.44039062500087,1.75
2026-05-06,BAJFINANCE.NS,2026-05-06 09:40:00+00:00,2026-05-07 03:45:00+00:00,980.79,984.1850427246092,20,67.90085449218623,1.75
2026-04-21,BAJAJFINSV.NS,2026-04-21 09:45:00+00:00,2026-04-21 09:55:00+00:00,1853.03,1849.9000244140625,13,-40.689682617187145,1.75
2026-04-27,JIOFIN.NS,2026-04-27 09:55:00+00:00,2026-04-28 03:50:00+00:00,254.65,253.3000030517578,24,-32.39992675781264,1.75
2026-04-30,KOTAKBANK.NS,2026-04-30 09:55:00+00:00,2026-05-04 03:50:00+00:00,384.69,382.6000061035156,15,-31.34990844726559,1.75
2026-04-27,NTPC.NS,2026-04-27 09:55:00+00:00,2026-04-28 03:50:00+00:00,412.16,410.25,17,-32.470000000000425,1.75
2026-05-04,RELIANCE.NS,2026-05-04 09:50:00+00:00,2026-05-05 03:45:00+00:00,1465.73,1462.300048828125,11,-37.7294628906252,1.75
2026-05-05,RELIANCE.NS,2026-05-05 09:35:00+00:00,2026-05-05 09:55:00+00:00,1465.13,1460.699951171875,8,-35.44039062500087,1.75
2026-05-06,BAJFINANCE.NS,2026-05-06 09:40:00+00:00,2026-05-07 03:45:00+00:00,980.79,984.1850427246092,20,67.90085449218623,1.75
2026-04-27,JIOFIN.NS,2026-04-27 09:55:00+00:00,2026-04-28 03:50:00+00:00,254.65,253.3000030517578,24,-32.39992675781264,1.75
2026-04-27,NTPC.NS,2026-04-27 09:55:00+00:00,2026-04-28 03:50:00+00:00,412.16,410.25,17,-32.470000000000425,1.75
2026-05-04,RELIANCE.NS,2026-05-04 09:50:00+00:00,2026-05-05 03:45:00+00:00,1465.73,1462.300048828125,11,-37.7294628906252,1.75
2026-05-05,RELIANCE.NS,2026-05-05 09:35:00+00:00,2026-05-05 09:55:00+00:00,1465.13,1460.699951171875,8,-35.44039062500087,1.75
2026-05-06,BAJFINANCE.NS,2026-05-06 09:40:00+00:00,2026-05-07 03:45:00+00:00,980.79,984.1850427246092,20,67.90085449218623,1.75
2026-04-27,JIOFIN.NS,2026-04-27 09:55:00+00:00,2026-04-28 03:50:00+00:00,254.65,253.3000030517578,24,-32.39992675781264,1.75
2026-04-27,NTPC.NS,2026-04-27 09:55:00+00:00,2026-04-28 03:50:00+00:00,412.16,410.25,17,-32.470000000000425,1.75
2026-05-04,RELIANCE.NS,2026-05-04 09:50:00+00:00,2026-05-05 03:45:00+00:00,1465.73,1462.300048828125,11,-37.7294628906252,1.75
2026-05-05,RELIANCE.NS,2026-05-05 09:35:00+00:00,2026-05-05 09:55:00+00:00,1465.13,1460.699951171875,8,-35.44039062500087,1.75
2026-05-06,BAJFINANCE.NS,2026-05-06 09:40:00+00:00,2026-05-07 03:45:00+00:00,980.79,984.1850427246092,20,67.90085449218623,1.75
2026-05-04,RELIANCE.NS,2026-05-04 09:50:00+00:00,2026-05-05 03:45:00+00:00,1465.73,1462.300048828125,11,-37.7294628906252,1.75
2026-05-05,RELIANCE.NS,2026-05-05 09:35:00+00:00,2026-05-05 09:55:00+00:00,1465.13,1460.699951171875,8,-35.44039062500087,1.75
2026-05-15,ADANIPORTS.NS,2026-05-15 10:55:00+05:30,2026-05-15 11:05:00+05:30,1821.91,1813.699951171875,4,-32.84019531250033,1.75
2026-05-22,APOLLOHOSP.NS,2026-05-22 10:45:00+05:30,2026-05-22 11:15:00+05:30,8369.18,8402.745,2,67.13000000000102,1.75
2026-05-22,APOLLOHOSP.NS,2026-05-22 11:15:00+05:30,2026-05-22 12:00:00+05:30,8411.2,8390.5,1,-20.700000000000728,1.75
2026-05-18,BHARTIARTL.NS,2026-05-18 11:15:00+05:30,2026-05-18 14:05:00+05:30,1947.67,1937.5,3,-30.51000000000022,1.75
2026-05-07,EICHERMOT.NS,2026-05-07 09:35:00+05:30,2026-05-07 09:50:00+05:30,7445.72,7430.0,2,-31.44000000000051,1.75
2026-05-07,EICHERMOT.NS,2026-05-07 10:40:00+05:30,2026-05-07 10:50:00+05:30,7468.23,7454.5,3,-41.18999999999869,1.75
2026-05-21,HINDALCO.NS,2026-05-21 09:55:00+05:30,2026-05-21 11:00:00+05:30,1107.75,1099.300048828125,3,-25.349853515625,1.75
2026-05-15,KOTAKBANK.NS,2026-05-15 10:30:00+05:30,2026-05-15 10:40:00+05:30,392.24,391.3500061035156,60,-53.399633789063046,1.75
2026-05-15,KOTAKBANK.NS,2026-05-15 10:50:00+05:30,2026-05-15 11:00:00+05:30,393.25,391.9500122070313,27,-35.09967041015625,1.75
2026-05-07,M&M.NS,2026-05-07 09:35:00+05:30,2026-05-07 09:50:00+05:30,3373.69,3365.89990234375,4,-31.16039062500022,1.75
2026-05-21,MAXHEALTH.NS,2026-05-21 09:35:00+05:30,2026-05-21 10:05:00+05:30,1103.55,1098.5999755859375,6,-29.700146484374727,1.75
2026-05-21,MAXHEALTH.NS,2026-05-21 11:30:00+05:30,2026-05-21 12:35:00+05:30,1101.25,1097.449951171875,9,-34.200439453125,1.75
2026-05-15,TATASTEEL.NS,2026-05-15 10:25:00+05:30,2026-05-15 11:00:00+05:30,224.06,221.7100067138672,13,-30.549912719726592,1.75
2026-05-27,ADANIENT.NS,2026-05-27 10:25:00+05:30,2026-05-27 11:05:00+05:30,3002.2,2977.0,1,-25.19999999999981,1.75
2026-05-27,BAJAJ-AUTO.NS,2026-05-27 11:25:00+05:30,2026-05-27 15:15:00+05:30,10779.89,10806.5,1,26.610000000000586,1.75
2026-05-18,BHARTIARTL.NS,2026-05-18 11:15:00+05:30,2026-05-18 14:05:00+05:30,1947.67,1937.5,3,-30.51000000000022,1.75
2026-05-27,JSWSTEEL.NS,2026-05-27 10:00:00+05:30,2026-05-27 13:15:00+05:30,1313.96,1305.699951171875,3,-24.78014648437511,1.75
2026-05-15,KOTAKBANK.NS,2026-05-15 10:50:00+05:30,2026-05-15 11:00:00+05:30,393.25,391.9500122070313,27,-35.09967041015625,1.75
2026-05-21,MAXHEALTH.NS,2026-05-21 09:35:00+05:30,2026-05-21 10:05:00+05:30,1103.55,1098.5999755859375,6,-29.700146484374727,1.75
2026-05-21,MAXHEALTH.NS,2026-05-21 11:30:00+05:30,2026-05-21 12:35:00+05:30,1101.25,1097.449951171875,9,-34.200439453125,1.75
2026-05-15,TATASTEEL.NS,2026-05-15 10:25:00+05:30,2026-05-15 11:00:00+05:30,224.06,221.7100067138672,13,-30.549912719726592,1.75
2026-05-19,TECHM.NS,2026-05-19 10:40:00+05:30,2026-05-19 11:30:00+05:30,1501.65,1490.699951171875,2,-21.900097656250185,1.75
2026-05-29,TRENT.NS,2026-05-29 09:35:00+05:30,2026-05-29 09:45:00+05:30,4324.06,4312.7998046875,3,-33.7805859375012,1.75
2026-05-29,TRENT.NS,2026-05-29 10:00:00+05:30,2026-05-29 10:10:00+05:30,4324.86,4322.10009765625,49,-135.23521484373396,1.75
2026-05-27,ADANIENT.NS,2026-05-27 10:25:00+05:30,2026-05-27 11:05:00+05:30,3002.2,2977.0,1,-25.19999999999981,1.75
2026-05-27,BAJAJ-AUTO.NS,2026-05-27 11:25:00+05:30,2026-05-27 15:15:00+05:30,10779.89,10806.5,1,26.610000000000586,1.75
2026-05-18,BHARTIARTL.NS,2026-05-18 11:15:00+05:30,2026-05-18 14:05:00+05:30,1947.67,1937.5,3,-30.51000000000022,1.75
2026-05-27,JSWSTEEL.NS,2026-05-27 10:00:00+05:30,2026-05-27 13:15:00+05:30,1313.96,1305.699951171875,3,-24.78014648437511,1.75
2026-05-15,KOTAKBANK.NS,2026-05-15 10:50:00+05:30,2026-05-15 11:00:00+05:30,393.25,391.9500122070313,27,-35.09967041015625,1.75
2026-05-21,MAXHEALTH.NS,2026-05-21 09:35:00+05:30,2026-05-21 10:05:00+05:30,1103.55,1098.5999755859375,6,-29.700146484374727,1.75
2026-05-21,MAXHEALTH.NS,2026-05-21 11:30:00+05:30,2026-05-21 12:35:00+05:30,1101.25,1097.449951171875,9,-34.200439453125,1.75
2026-05-15,TATASTEEL.NS,2026-05-15 10:25:00+05:30,2026-05-15 11:00:00+05:30,224.06,221.7100067138672,13,-30.549912719726592,1.75
2026-05-19,TECHM.NS,2026-05-19 10:40:00+05:30,2026-05-19 11:30:00+05:30,1501.65,1490.699951171875,2,-21.900097656250185,1.75
2026-05-29,TRENT.NS,2026-05-29 09:35:00+05:30,2026-05-29 09:45:00+05:30,4324.06,4312.7998046875,3,-33.7805859375012,1.75
2026-05-29,TRENT.NS,2026-05-29 10:00:00+05:30,2026-05-29 10:10:00+05:30,4324.86,4322.10009765625,49,-135.23521484373396,1.75
2026-06-05,ADANIENT.NS,2026-06-05 09:35:00+05:30,2026-06-05 09:45:00+05:30,3047.52,3029.60009765625,1,-17.919902343749982,1.75
2026-06-05,ADANIENT.NS,2026-06-05 10:00:00+05:30,2026-06-05 10:25:00+05:30,3044.12,3027.5,1,-16.61999999999989,1.75
2026-05-27,BAJAJ-AUTO.NS,2026-05-27 11:25:00+05:30,2026-05-27 15:15:00+05:30,10779.89,10806.5,1,26.610000000000586,1.75
2026-05-18,BHARTIARTL.NS,2026-05-18 11:15:00+05:30,2026-05-18 14:05:00+05:30,1947.67,1937.5,3,-30.51000000000022,1.75
2026-06-02,HCLTECH.NS,2026-06-02 10:30:00+05:30,2026-06-02 11:00:00+05:30,1248.32,1241.800048828125,5,-32.59975585937468,1.75
2026-06-02,INFY.NS,2026-06-02 10:40:00+05:30,2026-06-02 10:50:00+05:30,1275.74,1271.300048828125,7,-31.079658203125064,1.75
2026-05-27,JSWSTEEL.NS,2026-05-27 10:05:00+05:30,2026-05-27 11:55:00+05:30,1317.76,1311.800048828125,5,-29.799755859374955,1.75
2026-05-21,MAXHEALTH.NS,2026-05-21 09:35:00+05:30,2026-05-21 10:05:00+05:30,1103.55,1098.5999755859375,6,-29.700146484374727,1.75
2026-05-21,MAXHEALTH.NS,2026-05-21 11:30:00+05:30,2026-05-21 12:35:00+05:30,1101.25,1097.449951171875,9,-34.200439453125,1.75
2026-06-02,TECHM.NS,2026-06-02 10:35:00+05:30,2026-06-02 10:45:00+05:30,1584.79,1580.4000244140625,8,-35.11980468749971,1.75
2026-05-29,TRENT.NS,2026-05-29 09:35:00+05:30,2026-05-29 09:45:00+05:30,2882.71,2875.199951171875,4,-30.040195312500146,1.75
2026-05-29,TRENT.NS,2026-05-29 10:00:00+05:30,2026-05-29 10:10:00+05:30,2884.68,2881.400146484375,75,-245.98901367186272,1.75
2026-06-05,ADANIENT.NS,2026-06-05 09:35:00+05:30,2026-06-05 09:45:00+05:30,3047.52,3029.60009765625,1,-17.919902343749982,1.75
2026-06-05,ADANIENT.NS,2026-06-05 10:00:00+05:30,2026-06-05 10:25:00+05:30,3044.12,3027.5,1,-16.61999999999989,1.75
2026-05-27,BAJAJ-AUTO.NS,2026-05-27 11:25:00+05:30,2026-05-27 15:15:00+05:30,10779.89,10806.5,1,26.610000000000586,1.75
2026-05-18,BHARTIARTL.NS,2026-05-18 11:15:00+05:30,2026-05-18 14:05:00+05:30,1947.67,1937.5,3,-30.51000000000022,1.75
2026-06-02,HCLTECH.NS,2026-06-02 10:30:00+05:30,2026-06-02 11:00:00+05:30,1248.32,1241.800048828125,5,-32.59975585937468,1.75
2026-06-02,INFY.NS,2026-06-02 10:40:00+05:30,2026-06-02 10:50:00+05:30,1275.74,1271.300048828125,7,-31.079658203125064,1.75
2026-05-27,JSWSTEEL.NS,2026-05-27 10:05:00+05:30,2026-05-27 11:55:00+05:30,1317.76,1311.800048828125,5,-29.799755859374955,1.75
2026-05-21,MAXHEALTH.NS,2026-05-21 09:35:00+05:30,2026-05-21 10:05:00+05:30,1103.55,1098.5999755859375,6,-29.700146484374727,1.75
2026-05-21,MAXHEALTH.NS,2026-05-21 11:30:00+05:30,2026-05-21 12:35:00+05:30,1101.25,1097.449951171875,9,-34.200439453125,1.75
2026-06-02,TECHM.NS,2026-06-02 10:35:00+05:30,2026-06-02 10:45:00+05:30,1584.79,1580.4000244140625,8,-35.11980468749971,1.75
2026-05-29,TRENT.NS,2026-05-29 09:35:00+05:30,2026-05-29 09:45:00+05:30,2882.71,2875.199951171875,4,-30.040195312500146,1.75
2026-05-29,TRENT.NS,2026-05-29 10:00:00+05:30,2026-05-29 10:10:00+05:30,2884.68,2881.400146484375,75,-245.98901367186272,1.75
2026-06-05,ADANIENT.NS,2026-06-05 09:35:00+05:30,2026-06-05 09:45:00+05:30,3047.52,3029.60009765625,1,-17.919902343749982,1.75
2026-06-05,ADANIENT.NS,2026-06-05 10:00:00+05:30,2026-06-05 10:25:00+05:30,3044.12,3027.5,1,-16.61999999999989,1.75
2026-06-10,ADANIPORTS.NS,2026-06-10 10:05:00+05:30,2026-06-10 10:15:00+05:30,1842.12,1836.199951171875,6,-35.520292968749345,1.75
2026-06-10,ADANIPORTS.NS,2026-06-10 10:30:00+05:30,2026-06-10 10:55:00+05:30,1846.82,1853.505,10,66.84999999999945,1.75
2026-06-10,ADANIPORTS.NS,2026-06-10 10:55:00+05:30,2026-06-10 11:05:00+05:30,1857.93,1849.800048828125,4,-32.519804687500255,1.75
2026-05-27,BAJAJ-AUTO.NS,2026-05-27 11:25:00+05:30,2026-05-27 15:15:00+05:30,10779.89,10806.5,1,26.610000000000586,1.75
2026-06-02,HCLTECH.NS,2026-06-02 10:30:00+05:30,2026-06-02 11:00:00+05:30,1248.32,1241.800048828125,5,-32.59975585937468,1.75
2026-06-02,INFY.NS,2026-06-02 10:40:00+05:30,2026-06-02 10:50:00+05:30,1275.74,1271.300048828125,7,-31.079658203125064,1.75
2026-06-12,INDIGO.NS,2026-06-12 09:35:00+05:30,2026-06-12 09:45:00+05:30,4679.34,4653.0,1,-26.340000000000146,1.75
2026-05-27,JSWSTEEL.NS,2026-05-27 10:05:00+05:30,2026-05-27 11:55:00+05:30,1317.76,1311.800048828125,5,-29.799755859374955,1.75
2026-06-02,TECHM.NS,2026-06-02 10:35:00+05:30,2026-06-02 10:45:00+05:30,1584.79,1580.4000244140625,8,-35.11980468749971,1.75
2026-05-29,TRENT.NS,2026-05-29 09:35:00+05:30,2026-05-29 09:45:00+05:30,2882.71,2875.199951171875,4,-30.040195312500146,1.75
2026-05-29,TRENT.NS,2026-05-29 10:00:00+05:30,2026-05-29 10:10:00+05:30,2884.68,2881.400146484375,75,-245.98901367186272,1.75
2026-06-05,ADANIENT.NS,2026-06-05 09:35:00+05:30,2026-06-05 09:45:00+05:30,3047.52,3029.60009765625,1,-17.919902343749982,1.75
2026-06-05,ADANIENT.NS,2026-06-05 10:00:00+05:30,2026-06-05 10:25:00+05:30,3044.12,3027.5,1,-16.61999999999989,1.75
2026-06-10,ADANIPORTS.NS,2026-06-10 10:05:00+05:30,2026-06-10 10:15:00+05:30,1842.12,1836.199951171875,6,-35.520292968749345,1.75
2026-06-10,ADANIPORTS.NS,2026-06-10 10:30:00+05:30,2026-06-10 10:55:00+05:30,1846.82,1853.505,10,66.84999999999945,1.75
2026-06-10,ADANIPORTS.NS,2026-06-10 10:55:00+05:30,2026-06-10 11:05:00+05:30,1857.93,1849.800048828125,4,-32.519804687500255,1.75
2026-05-27,BAJAJ-AUTO.NS,2026-05-27 11:25:00+05:30,2026-05-27 15:15:00+05:30,10779.89,10806.5,1,26.610000000000586,1.75
2026-06-02,HCLTECH.NS,2026-06-02 10:30:00+05:30,2026-06-02 11:00:00+05:30,1248.32,1241.800048828125,5,-32.59975585937468,1.75
2026-06-02,INFY.NS,2026-06-02 10:40:00+05:30,2026-06-02 10:50:00+05:30,1275.74,1271.300048828125,7,-31.079658203125064,1.75
2026-06-12,INDIGO.NS,2026-06-12 09:35:00+05:30,2026-06-12 09:45:00+05:30,4679.34,4653.0,1,-26.340000000000146,1.75
2026-05-27,JSWSTEEL.NS,2026-05-27 10:05:00+05:30,2026-05-27 11:55:00+05:30,1317.76,1311.800048828125,5,-29.799755859374955,1.75
2026-06-02,TECHM.NS,2026-06-02 10:35:00+05:30,2026-06-02 10:45:00+05:30,1584.79,1580.4000244140625,8,-35.11980468749971,1.75
2026-05-29,TRENT.NS,2026-05-29 09:35:00+05:30,2026-05-29 09:45:00+05:30,2882.71,2875.199951171875,4,-30.040195312500146,1.75
2026-05-29,TRENT.NS,2026-05-29 10:00:00+05:30,2026-05-29 10:10:00+05:30,2884.68,2881.400146484375,75,-245.98901367186272,1.75
2026-06-10,ADANIPORTS.NS,2026-06-10 10:55:00+05:30,2026-06-10 11:05:00+05:30,1857.93,1849.800048828125,4,-32.519804687500255,1.75
2026-06-17,ETERNAL.NS,2026-06-17 09:40:00+05:30,2026-06-17 14:05:00+05:30,260.78,258.0,11,-30.5799999999997,1.75
2026-06-02,HCLTECH.NS,2026-06-02 10:30:00+05:30,2026-06-02 11:00:00+05:30,1248.32,1241.800048828125,5,-32.59975585937468,1.75
2026-06-18,HDFCBANK.NS,2026-06-18 09:40:00+05:30,2026-06-18 13:55:00+05:30,798.45,794.4500122070312,8,-31.999902343750364,1.75
2026-06-02,INFY.NS,2026-06-02 10:40:00+05:30,2026-06-02 10:50:00+05:30,1275.74,1271.300048828125,7,-31.079658203125064,1.75
2026-06-15,MARUTI.NS,2026-06-15 10:50:00+05:30,2026-06-15 11:00:00+05:30,13927.96,13913.0,3,-44.87999999999738,1.75
2026-06-15,MARUTI.NS,2026-06-15 11:20:00+05:30,2026-06-15 11:30:00+05:30,13943.97,13919.0,1,-24.969999999999345,1.75
2026-06-02,TCS.NS,2026-06-02 10:35:00+05:30,2026-06-02 15:15:00+05:30,2430.21,2450.89990234375,2,41.37980468749993,1.75
2026-06-02,TECHM.NS,2026-06-02 10:35:00+05:30,2026-06-02 10:45:00+05:30,1584.79,1580.4000244140625,8,-35.11980468749971,1.75
2026-06-10,ADANIPORTS.NS,2026-06-10 10:55:00+05:30,2026-06-10 11:05:00+05:30,1857.93,1849.800048828125,4,-32.519804687500255,1.75
2026-06-17,ETERNAL.NS,2026-06-17 09:40:00+05:30,2026-06-17 14:05:00+05:30,260.78,258.0,11,-30.5799999999997,1.75
2026-06-02,HCLTECH.NS,2026-06-02 10:30:00+05:30,2026-06-02 11:00:00+05:30,1248.32,1241.800048828125,5,-32.59975585937468,1.75
2026-06-18,HDFCBANK.NS,2026-06-18 09:40:00+05:30,2026-06-18 13:55:00+05:30,798.45,794.4500122070312,8,-31.999902343750364,1.75
2026-06-02,INFY.NS,2026-06-02 10:40:00+05:30,2026-06-02 10:50:00+05:30,1275.74,1271.300048828125,7,-31.079658203125064,1.75
2026-06-15,MARUTI.NS,2026-06-15 10:50:00+05:30,2026-06-15 11:00:00+05:30,13927.96,13913.0,3,-44.87999999999738,1.75
2026-06-15,MARUTI.NS,2026-06-15 11:20:00+05:30,2026-06-15 11:30:00+05:30,13943.97,13919.0,1,-24.969999999999345,1.75
2026-06-02,TCS.NS,2026-06-02 10:35:00+05:30,2026-06-02 15:15:00+05:30,2430.21,2450.89990234375,2,41.37980468749993,1.75
2026-06-02,TECHM.NS,2026-06-02 10:35:00+05:30,2026-06-02 10:45:00+05:30,1584.79,1580.4000244140625,8,-35.11980468749971,1.75
2026-06-25,ADANIENT.NS,2026-06-25 09:35:00+05:30,2026-06-25 10:00:00+05:30,3099.95,3084.300048828125,2,-31.29990234374964,1.75
2026-06-25,ADANIENT.NS,2026-06-25 11:10:00+05:30,2026-06-25 11:20:00+05:30,3097.65,3087.39990234375,3,-30.75029296875028,1.75
2026-06-10,ADANIPORTS.NS,2026-06-10 10:55:00+05:30,2026-06-10 11:05:00+05:30,1857.93,1849.800048828125,4,-32.519804687500255,1.75
2026-06-25,APOLLOHOSP.NS,2026-06-25 10:50:00+05:30,2026-06-25 11:15:00+05:30,8642.32,8673.505,2,62.36999999999898,1.75
2026-06-25,APOLLOHOSP.NS,2026-06-25 11:20:00+05:30,2026-06-25 11:50:00+05:30,8684.34,8665.0,2,-38.68000000000029,1.75
2026-06-25,AXISBANK.NS,2026-06-25 09:55:00+05:30,2026-06-25 10:15:00+05:30,1392.9,1400.0749145507816,8,57.39931640625218,1.75
2026-06-25,AXISBANK.NS,2026-06-25 10:15:00+05:30,2026-06-25 10:25:00+05:30,1396.9,1395.0999755859375,27,-48.60065917968996,1.75
2026-06-23,CIPLA.NS,2026-06-23 10:20:00+05:30,2026-06-23 10:35:00+05:30,1450.42,1447.0,11,-37.6200000000008,1.75
2026-06-25,DRREDDY.NS,2026-06-25 09:35:00+05:30,2026-06-25 12:10:00+05:30,1355.68,1351.0,7,-32.760000000000446,1.75
2026-06-18,HDFCBANK.NS,2026-06-18 10:10:00+05:30,2026-06-18 10:30:00+05:30,802.4,800.4000244140625,18,-35.99956054687459,1.75
2026-06-25,INDIGO.NS,2026-06-25 09:35:00+05:30,2026-06-25 10:20:00+05:30,5381.69,5437.147499999999,1,55.45749999999953,1.75
2026-06-25,INDIGO.NS,2026-06-25 10:20:00+05:30,2026-06-25 10:30:00+05:30,5430.41,5424.0,8,-51.27999999999884,1.75
2026-06-25,M&M.NS,2026-06-25 10:45:00+05:30,2026-06-25 11:30:00+05:30,3174.59,3166.5,4,-32.36000000000058,1.75
2026-06-15,MARUTI.NS,2026-06-15 10:50:00+05:30,2026-06-15 11:00:00+05:30,13927.96,13913.0,3,-44.87999999999738,1.75
2026-06-15,MARUTI.NS,2026-06-15 11:20:00+05:30,2026-06-15 11:30:00+05:30,13943.97,13919.0,1,-24.969999999999345,1.75
2026-06-25,MAXHEALTH.NS,2026-06-25 10:20:00+05:30,2026-06-25 10:35:00+05:30,1107.95,1121.7749145507814,4,55.299658203125546,1.75
2026-06-25,MAXHEALTH.NS,2026-06-25 10:45:00+05:30,2026-06-25 10:55:00+05:30,1126.06,1133.165,8,56.84000000000015,1.75
2026-06-25,MAXHEALTH.NS,2026-06-25 10:55:00+05:30,2026-06-25 11:05:00+05:30,1139.57,1128.6500244140625,2,-21.83995117187488,1.75
2026-06-25,MAXHEALTH.NS,2026-06-25 11:10:00+05:30,2026-06-25 11:50:00+05:30,1133.02,1127.050048828125,5,-29.84975585937491,1.75
2026-06-10,NESTLEIND.NS,2026-06-10 09:40:00+05:30,2026-06-10 11:05:00+05:30,1448.92,1444.699951171875,8,-33.76039062500058,1.75
2026-06-25,SBIN.NS,2026-06-25 09:35:00+05:30,2026-06-25 09:55:00+05:30,1052.18,1050.3499755859375,23,-42.09056152343896,1.75
2026-06-25,ADANIENT.NS,2026-06-25 09:35:00+05:30,2026-06-25 10:00:00+05:30,3099.95,3084.300048828125,2,-31.29990234374964,1.75
2026-06-25,ADANIENT.NS,2026-06-25 11:10:00+05:30,2026-06-25 11:20:00+05:30,3097.65,3087.39990234375,3,-30.750292968750276,1.75
2026-06-10,ADANIPORTS.NS,2026-06-10 10:55:00+05:30,2026-06-10 11:05:00+05:30,1857.93,1849.800048828125,4,-32.519804687500255,1.75
2026-06-25,APOLLOHOSP.NS,2026-06-25 10:50:00+05:30,2026-06-25 11:15:00+05:30,8642.32,8673.505,2,62.36999999999898,1.75
2026-06-25,APOLLOHOSP.NS,2026-06-25 11:20:00+05:30,2026-06-25 11:50:00+05:30,8684.34,8665.0,2,-38.68000000000029,1.75
2026-06-25,AXISBANK.NS,2026-06-25 09:55:00+05:30,2026-06-25 10:15:00+05:30,1392.9,1400.0749145507816,8,57.39931640625218,1.75
2026-06-25,AXISBANK.NS,2026-06-25 10:15:00+05:30,2026-06-25 10:25:00+05:30,1396.9,1395.0999755859375,27,-48.60065917968996,1.75
2026-06-23,CIPLA.NS,2026-06-23 10:20:00+05:30,2026-06-23 10:35:00+05:30,1450.42,1447.0,11,-37.6200000000008,1.75
2026-06-25,DRREDDY.NS,2026-06-25 09:35:00+05:30,2026-06-25 12:10:00+05:30,1355.68,1351.0,7,-32.760000000000446,1.75
2026-06-18,HDFCBANK.NS,2026-06-18 10:10:00+05:30,2026-06-18 10:30:00+05:30,802.4,800.4000244140625,18,-35.99956054687459,1.75
2026-06-25,INDIGO.NS,2026-06-25 09:35:00+05:30,2026-06-25 10:20:00+05:30,5381.69,5437.147499999999,1,55.45749999999953,1.75
2026-06-25,INDIGO.NS,2026-06-25 10:20:00+05:30,2026-06-25 10:30:00+05:30,5430.41,5424.0,8,-51.27999999999884,1.75
2026-06-25,M&M.NS,2026-06-25 10:45:00+05:30,2026-06-25 11:30:00+05:30,3174.59,3166.5,4,-32.36000000000058,1.75
2026-06-15,MARUTI.NS,2026-06-15 10:50:00+05:30,2026-06-15 11:00:00+05:30,13927.96,13913.0,3,-44.87999999999738,1.75
2026-06-15,MARUTI.NS,2026-06-15 11:20:00+05:30,2026-06-15 11:30:00+05:30,13943.97,13919.0,1,-24.969999999999345,1.75
2026-06-25,MAXHEALTH.NS,2026-06-25 10:20:00+05:30,2026-06-25 10:35:00+05:30,1107.95,1121.7749145507814,4,55.299658203125546,1.75
2026-06-25,MAXHEALTH.NS,2026-06-25 10:45:00+05:30,2026-06-25 10:55:00+05:30,1126.06,1133.165,8,56.84000000000015,1.75
2026-06-25,MAXHEALTH.NS,2026-06-25 10:55:00+05:30,2026-06-25 11:05:00+05:30,1139.57,1128.6500244140625,2,-21.839951171874876,1.75
2026-06-25,MAXHEALTH.NS,2026-06-25 11:10:00+05:30,2026-06-25 11:50:00+05:30,1133.02,1127.050048828125,5,-29.84975585937491,1.75
2026-06-10,NESTLEIND.NS,2026-06-10 09:40:00+05:30,2026-06-10 11:05:00+05:30,1448.92,1444.699951171875,8,-33.76039062500058,1.75
2026-06-25,SBIN.NS,2026-06-25 09:35:00+05:30,2026-06-25 09:55:00+05:30,1052.18,1050.3499755859375,23,-42.09056152343896,1.75
2026-07-03,APOLLOHOSP.NS,2026-07-03 10:50:00+05:30,2026-07-03 11:00:00+05:30,8904.45,8895.0,6,-56.700000000004366,1.75
2026-06-25,AXISBANK.NS,2026-06-25 09:55:00+05:30,2026-06-25 10:15:00+05:30,1392.9,1400.0749145507816,8,57.39931640625218,1.75
2026-06-25,AXISBANK.NS,2026-06-25 10:15:00+05:30,2026-06-25 10:25:00+05:30,1396.9,1395.0999755859375,27,-48.600659179689956,1.75
2026-07-03,BAJAJFINSV.NS,2026-07-03 09:35:00+05:30,2026-07-03 09:45:00+05:30,1911.96,1903.4000244140625,3,-25.67992675781261,1.75
2026-06-23,BHARTIARTL.NS,2026-06-23 11:10:00+05:30,2026-06-23 11:35:00+05:30,1925.46,1922.0,12,-41.52000000000044,1.75
2026-06-29,CIPLA.NS,2026-06-29 10:20:00+05:30,2026-06-29 10:30:00+05:30,1488.54,1485.0999755859375,11,-37.8402685546871,1.75
2026-06-29,DRREDDY.NS,2026-06-29 09:40:00+05:30,2026-06-29 10:25:00+05:30,1412.71,1405.9000244140625,4,-27.239902343750146,1.75
2026-07-02,ETERNAL.NS,2026-07-02 09:35:00+05:30,2026-07-02 09:45:00+05:30,285.69,284.3999938964844,26,-33.54015869140619,1.75
2026-07-03,ETERNAL.NS,2026-07-03 11:15:00+05:30,2026-07-03 12:05:00+05:30,285.54,287.36000000000007,33,60.06000000000165,1.75
2026-07-03,HDFCBANK.NS,2026-07-03 10:25:00+05:30,2026-07-03 10:35:00+05:30,806.55,804.7000122070312,20,-36.99975585937409,1.75
2026-06-29,LT.NS,2026-06-29 10:25:00+05:30,2026-06-29 10:35:00+05:30,4252.12,4235.0,2,-34.23999999999978,1.75
2026-07-01,MARUTI.NS,2026-07-01 09:55:00+05:30,2026-07-01 10:05:00+05:30,14493.24,14473.0,2,-40.47999999999956,1.75
2026-06-29,MAXHEALTH.NS,2026-06-29 09:40:00+05:30,2026-06-29 15:00:00+05:30,1154.38,1145.449951171875,3,-26.790146484375327,1.75
2026-07-02,SBIN.NS,2026-07-02 09:35:00+05:30,2026-07-02 10:50:00+05:30,1057.33,1052.5,6,-28.979999999999563,1.75
2026-07-03,SUNPHARMA.NS,2026-07-03 09:35:00+05:30,2026-07-03 10:45:00+05:30,1899.25,1918.7625427246094,2,39.02508544921875,1.75
2026-07-03,SUNPHARMA.NS,2026-07-03 10:45:00+05:30,2026-07-03 11:30:00+05:30,1916.96,1912.199951171875,7,-33.320341796875255,1.75
2026-07-03,TRENT.NS,2026-07-03 09:55:00+05:30,2026-07-03 10:10:00+05:30,3355.98,3379.57,2,47.18000000000029,1.75
2026-07-03,TRENT.NS,2026-07-03 10:10:00+05:30,2026-07-03 10:20:00+05:30,3376.99,3392.547329101562,4,62.22931640624847,1.75
2026-07-03,TRENT.NS,2026-07-03 10:30:00+05:30,2026-07-03 10:40:00+05:30,3392.8,3383.39990234375,3,-28.200292968750546,1.75
